{"slope": 1017.9442869348114, "y_intercept": 3636.9680971404828, "buckets": [6000, 5000, 4500, 4000, 3800, 3600, 3400, 3200, 3000, 2800, 2600, 2400, 2200, 2100, 2000, 1900, 1800, 1700], "n": 890, "adjustments": {"0": 1.1302685031826887, "1": 0.7841795007231335, "2": 1.0004767915018355, "3": 1.1074436443221707, "4": 1.168534312194857, "5": 1.0798232640780923, "6": 2.6844584637470037, "7": 0.5485462728783386, "8": 2.1759384402198054}}