{"slope": 216.2941176470583, "y_intercept": 4687.058823529412, "buckets": [6000, 5000, 4500, 4000, 3800, 3600, 3400, 3200, 3000, 2800, 2600, 2400, 2200, 2100, 2000, 1900, 1800, 1700], "n": 19, "adjustments": {"0": 1.690006115284304, "1": 1.4275118977378087, "2": 1.0}}